"Name","SHA256"
"Adafruit_BNO08x.cpp","92E47C752E1C8C4C4D9D872BF7DADA560FACCE84A1BA387ACD34616A39FF0A19"
"Adafruit_BNO08x.h","0C92269694B7FEF2C64597DF644CA3E8FF9C04CDC58E52A751372589B5D109B8"
"NOTICE.txt","8B9BC7D776BBB624B0EF20E4168B3BC8F2F70E2358F1D439329867EDE21E7D53"
"README.md","4FAC3EF02F588827C2C52911E43C5D815E30386481A6D2DAB79B5A3307F3E055"
"sh2_err.h","1F6663C95B0C6A4B95AF803663A82710E2DB3750FD9D14EC07E20D09E112328F"
"sh2_hal.h","DFAEF82C0C1605F9BD686F7BFF22E88723A8372E4626C04BD6A760D23A36DAC0"
"sh2_SensorValue.c","E285036B451D763FDE76C397BC70DD0A64A2564C053F9CA1C38A705B9327FA5A"
"sh2_SensorValue.h","09766B1C35DDCF115127343907EBBA40DEACD2285F6AFB245E540D428746C39B"
"sh2_util.c","2386898ADC704703C3CF96ED9BACE7485C26C95789AEBAC7C6A5B8BBD80AE18D"
"sh2_util.h","1A2D40E7941AE1085EEE4FC5FD95E62266972B17604A10DC285B87854204DCD7"
"sh2.c","E884D6CEEF92CD3D20AE819D033B6DF41AE5E21DB601F9C8B2C5D91B8B20925F"
"sh2.h","5A5E8D619618399D1B9707F61863F479A27B8B19420A9507F5764B9AE38EA503"
"shtp.c","7FB6939BADD6309128A5B2564A061DEE0455E0DB004F1FE305C1DD5A3C2B72B3"
"shtp.h","99C5C982C909C0133614DAE03C4E6062D6B3820E062B3355E72009737418B11F"
